{"_runtime":6.737468111,"_step":0,"Test/PSNR":0,"Epoch":0,"_wandb":{"runtime":11},"_timestamp":1.7487011126942856e+09}