{"_wandb":{"runtime":13},"_step":0,"Test/PSNR":0,"Epoch":0,"_timestamp":1.7498710031702118e+09,"_runtime":6.812891795}