{"_runtime":199.48207236,"_step":908,"Train/Loss":33.22228240966797,"Epoch":9,"Step":99,"_timestamp":1.749809899403361e+09,"Test/PSNR":16.84600250866548,"_wandb":{"runtime":200}}