{"_runtime":119.120464645,"_step":99,"Train/Loss":21.994064331054688,"_wandb":{"runtime":121},"Epoch":1,"Step":99,"_timestamp":1.748010986539563e+09}