{"Step":99,"_timestamp":1.7498147331575837e+09,"_runtime":459.090517592,"_step":1918,"Test/PSNR":25.588766255203662,"_wandb":{"runtime":461},"Train/Loss":9.53508472442627,"Epoch":19}