{"_runtime":81.360184809,"_step":908,"Train/Loss":11.60890007019043,"Epoch":9,"Test/PSNR":26.20844094111895,"_wandb":{"runtime":82},"Step":99,"_timestamp":1.7481877730767558e+09}