{"Train/Loss":12.169804573059082,"Epoch":9,"Step":99,"_timestamp":1.748445789207174e+09,"_runtime":621.408939959,"_step":908,"Test/PSNR":26.491394385558234,"_wandb":{"runtime":623}}