{"_runtime":6.175655649,"_step":99,"_wandb":{"runtime":7},"Train/Loss":25.8485050201416,"Epoch":1,"Step":99,"_timestamp":1.748169852026618e+09}