{"_wandb":{"runtime":474},"_timestamp":1.7485327187237191e+09,"_runtime":473.096199505,"_step":908,"Train/Loss":9.70600700378418,"Epoch":9,"Step":99,"Test/PSNR":26.077799244021673}