{"_timestamp":1.7486212527224593e+09,"_runtime":1099.145271111,"_step":1918,"Train/Loss":6.397500514984131,"Epoch":19,"Step":99,"Test/PSNR":26.716030093468163,"_wandb":{"runtime":1100}}