{"_runtime":357.974101832,"_step":1918,"Test/PSNR":26.22493340328008,"_wandb":{"runtime":360},"Train/Loss":9.729844093322754,"Epoch":19,"Step":99,"_timestamp":1.748620040268032e+09}