{"_wandb":{"runtime":13},"Test/PSNR":0,"Epoch":0,"_timestamp":1.7484413851874921e+09,"_runtime":6.870870786,"_step":0}