{"_runtime":84.356746924,"_step":908,"Train/Loss":11.60890007019043,"Epoch":9,"Step":99,"Test/PSNR":26.20844094111895,"_wandb":{"runtime":84},"_timestamp":1.7483588776579475e+09}