{"Train/Loss":9.88347053527832,"Epoch":9,"Step":99,"_timestamp":1.746961040985231e+09,"_runtime":191.441829806,"_step":908,"Test/PSNR":25.499460418071486,"_wandb":{"runtime":11899}}