{"_runtime":853.039028483,"_step":1918,"Test/PSNR":26.248530112941822,"_wandb":{"runtime":854},"Train/Loss":9.107563972473145,"Epoch":19,"Step":99,"_timestamp":1.748617649852381e+09}