{"_wandb":{"runtime":980},"Train/Loss":7.877438545227051,"Epoch":19,"Step":99,"_timestamp":1.748622272958219e+09,"_runtime":979.654654649,"_step":1918,"Test/PSNR":26.28347860181133}