{"Train/Loss":12.832447052001953,"Test/PSNR":26.07309035668207,"_wandb":{"runtime":362},"Epoch":9,"Step":99,"_timestamp":1.7481817376639693e+09,"_runtime":360.96554354,"_step":908}