{"_runtime":7.739867426,"_step":99,"Train/Loss":22.061037063598633,"Epoch":1,"Step":99,"_timestamp":1.748013110830827e+09,"_wandb":{"runtime":8}}