{"Epoch":19,"Step":49,"_timestamp":1.7486975612436433e+09,"_runtime":1089.329316103,"_step":968,"Test/PSNR":26.36592998057533,"_wandb":{"runtime":1090},"Train/Loss":6.5662007331848145}