{"_timestamp":1.7498087619473333e+09,"_runtime":91.360076475,"_step":99,"_wandb":{"runtime":96},"Train/Loss":88.88207244873047,"Epoch":1,"Step":99}