{"_wandb":{"runtime":206},"_timestamp":1.748353915780794e+09,"_runtime":205.773504066,"_step":908,"Train/Loss":11.60890007019043,"Epoch":9,"Step":99,"Test/PSNR":26.20844094111895}