{"Step":99,"_timestamp":1.7481872212996254e+09,"_runtime":5.084468315,"_step":99,"_wandb":{"runtime":5},"Train/Loss":8.651262283325195,"Epoch":1}