{"Step":99,"_timestamp":1.748695618438899e+09,"_runtime":570.994646093,"_step":2928,"Train/Loss":7.804781436920166,"Test/PSNR":26.245927651626083,"_wandb":{"runtime":572},"Epoch":29}