{"Train/Loss":9.84766960144043,"Epoch":19,"Step":99,"Test/PSNR":26.2647133121708,"_wandb":{"runtime":622},"_timestamp":1.748618358884369e+09,"_runtime":620.599444909,"_step":1918}