{"_step":1918,"Train/Loss":9.729844093322754,"Epoch":19,"Step":99,"_timestamp":1.7486189141383698e+09,"_runtime":364.429149024,"Test/PSNR":26.22493340328008,"_wandb":{"runtime":367}}