{"_wandb":{"runtime":9},"Test/PSNR":0,"Epoch":0,"_timestamp":1.7487007693327959e+09,"_runtime":4.625355905,"_step":0}