{"Step":99,"_timestamp":1.7481680525208504e+09,"_runtime":6.329412236,"_wandb":{"runtime":7},"_step":99,"Train/Loss":25.743738174438477,"Epoch":1}