{"_timestamp":1.7487006040246441e+09,"_runtime":7.274784263,"_step":0,"_wandb":{"runtime":15},"Test/PSNR":0,"Epoch":0}