{"_step":99,"Train/Loss":25.768165588378906,"Epoch":1,"_wandb":{"runtime":6},"Step":99,"_timestamp":1.7481689149651277e+09,"_runtime":6.189876264}