{"Test/PSNR":0,"Epoch":0,"_timestamp":1.748440586831764e+09,"_runtime":3.960198089,"_step":0,"_wandb":{"runtime":4}}