{"Step":99,"_timestamp":1.7498106923370612e+09,"_runtime":426.272464518,"_step":1918,"Test/PSNR":17.958742961931733,"_wandb":{"runtime":427},"Train/Loss":26.629928588867188,"Epoch":19}