{"_runtime":4.558012488,"_step":0,"Test/PSNR":0,"Epoch":0,"_timestamp":1.7484429615554347e+09,"_wandb":{"runtime":9}}