{"_step":908,"Train/Loss":11.60890007019043,"Epoch":9,"Step":99,"Test/PSNR":26.20844094111895,"_wandb":{"runtime":87},"_timestamp":1.748358120332728e+09,"_runtime":86.674132523}