{"_timestamp":1.7484416561798182e+09,"_wandb":{"runtime":13},"_runtime":7.189018214,"_step":0,"Test/PSNR":0,"Epoch":0}