{"_step":99,"_wandb":{"runtime":6},"Train/Loss":8.651262283325195,"Epoch":1,"Step":99,"_timestamp":1.74818748548027e+09,"_runtime":5.260876571}