{"_timestamp":1.7481664397864144e+09,"_runtime":47.843669454,"_step":99,"Train/Loss":25.911911010742188,"Epoch":1,"Step":99,"_wandb":{"runtime":49}}