{"Epoch":1,"Step":99,"_timestamp":1.7481690625662138e+09,"_runtime":6.289986899,"_step":99,"Train/Loss":25.91699981689453,"_wandb":{"runtime":7}}