{"Epoch":9,"Step":99,"_timestamp":1.7481703055232582e+09,"_runtime":127.293606769,"_step":908,"Test/PSNR":25.59189465913364,"_wandb":{"runtime":128},"Train/Loss":9.882287979125977}