{"_runtime":5.595514893,"_step":99,"Train/Loss":25.857498168945312,"Epoch":1,"Step":99,"_wandb":{"runtime":6},"_timestamp":1.748167188426787e+09}