{"_runtime":5.324010883,"_step":99,"Train/Loss":8.651262283325195,"Epoch":1,"_wandb":{"runtime":6},"Step":99,"_timestamp":1.7481876008578916e+09}