{"_timestamp":1.7486166362466226e+09,"Test/PSNR":26.082072455611097,"_wandb":{"runtime":482},"_runtime":481.21048552,"_step":1918,"Train/Loss":7.832245826721191,"Epoch":19,"Step":99}