{"_timestamp":1.7481831582375238e+09,"Test/PSNR":26.11371479342526,"_wandb":{"runtime":246},"_runtime":245.266877013,"_step":908,"Train/Loss":8.278529167175293,"Epoch":9,"Step":99}