{"_step":0,"Test/PSNR":0,"Epoch":0,"_timestamp":1.7484420504849608e+09,"_wandb":{"runtime":14},"_runtime":6.632363108}